Token,Owner,Email,UsedAt
6f8d0707-bd9c-40b7-847e-f708c09f745a,Copropriétaire 1,copro1@example.com,
3a65ea14-62bf-4187-82db-b51852ae466d,Copropriétaire 2,copro2@example.com,
40e631c3-65e8-4964-9a51-c48ae95bcab3,Copropriétaire 3,copro3@example.com,
d555a167-b2f5-43ea-97d8-8dd806ae7592,Copropriétaire 4,copro4@example.com,
23859842-91d3-476d-9d7f-897f609ebcf6,Copropriétaire 5,copro5@example.com,
d6a43a09-4a9e-4c3b-b1f5-b01b479ee5eb,Copropriétaire 6,copro6@example.com,
5c9756ed-9fb5-4d17-b6a0-7b6c1b5926e0,Copropriétaire 7,copro7@example.com,
b066f332-03e1-46d5-90cf-49e62742d718,Copropriétaire 8,copro8@example.com,
8c2f2a32-f0e0-4d50-ae1c-58a4b8bb8274,Copropriétaire 9,copro9@example.com,
1f06fa3b-647b-4e1e-b234-12d825bc5711,Copropriétaire 10,copro10@example.com,
ac381cf0-3a2c-4912-b675-1fdcee4fef10,Copropriétaire 11,copro11@example.com,
29fe3a2c-8546-4bd0-96e1-f961d53fa401,Copropriétaire 12,copro12@example.com,
2e2cdd6c-dc61-4150-b08b-77bdaea89662,Copropriétaire 13,copro13@example.com,
8e852883-32cb-4894-b6f0-cff0a2598c83,Copropriétaire 14,copro14@example.com,
e8662ec5-f0b3-48ef-ac20-26a73b6f9f35,Copropriétaire 15,copro15@example.com,
f8c08d0a-6c58-4a82-834b-f06542513848,Copropriétaire 16,copro16@example.com,
a42f67d5-4e57-4b44-b6a4-2afc03a40937,Copropriétaire 17,copro17@example.com,
acd07ebf-f1ba-41cc-b07c-17530b0a4dbd,Copropriétaire 18,copro18@example.com,
45eaa770-7e70-44a4-99d4-f7f3a578628b,Copropriétaire 19,copro19@example.com,
34bcc629-6591-4aca-aa31-d14e26bebfdb,Copropriétaire 20,copro20@example.com,
306eedde-5c1f-48ba-90ea-ab21a73c1a2f,Copropriétaire 21,copro21@example.com,
6a481ad9-932a-4d56-af88-dd22ac331dd9,Copropriétaire 22,copro22@example.com,
c1b0d5a5-e0c4-4d65-990f-e186380f2f8a,Copropriétaire 23,copro23@example.com,
09dc00af-e568-4baa-8891-e80a22fbf84e,Copropriétaire 24,copro24@example.com,
54951f47-55df-47e7-9a72-a36f149aa822,Copropriétaire 25,copro25@example.com,
52898f3b-99fb-4258-ac2f-a42e99fe9a63,Copropriétaire 26,copro26@example.com,
620ec9a5-6ca4-4045-881b-f36dd8b796e3,Copropriétaire 27,copro27@example.com,
48577f47-9a1e-4d5b-8107-78ffc54f22e0,Copropriétaire 28,copro28@example.com,
b4f58de9-b6d0-4acd-9a88-da1c873ed7b3,Copropriétaire 29,copro29@example.com,
b04df767-6d61-4ed8-a2a3-e0dfe8b82085,Copropriétaire 30,copro30@example.com,
c3d5a2d5-1083-491b-bad1-b1f47d579ef5,Copropriétaire 31,copro31@example.com,
004d9c79-1fb9-439b-a932-ba214fbfb4a8,Copropriétaire 32,copro32@example.com,
570146aa-d170-44de-86ee-68c2931d515f,Copropriétaire 33,copro33@example.com,
6fe42fe1-b509-41ab-a087-057d2afd89fb,Copropriétaire 34,copro34@example.com,
1a5ec7f6-abd2-423d-9855-07191ee121ed,Copropriétaire 35,copro35@example.com,
